Workbook

Sheet Hoja1
A1: Nro. de Parte | B1: Descripción | C1: Posicion arancelaria | D1: Marca | E1: Origen
A2: Nro. de Parte | B2: Descripción | D2: Marca | E2: Origen
A3: µECD | B3: Detector | D3: Agilent
A4: 0,6528 | B4: PRESSURE REGULATOR | D4: FDGS
A5: 00000HHO | B5: Kromasil Guard Holder for 2.1-4.6mmID Cartridges | D5: ZZZ
A6: 00000KCO | B6: Guard Coupler 2.1-21.2mm | D6: ZZZ
A7: 0001-1019 | B7: 1100 Degasser Retrofit Kit | D7: BIO
A8: 0001-1020(US) | B8: 1100 Degasser Kit 480 uL | D8: BIO
A9: 0001-1020(US)-B | B9: 1100 Degasser Kit 480 uL | D9: BIO
A10: 0001-6354 | B10: Dg, 2003 Stand Alone, 4-chan, 480ul, w/validation | D10: BIO
A11: 0001-6501 | B11: Degasser | D11: ZZZ
A12: 0003-6353-A | B12: Degasi Plus Classic 3-ch | D12: BIO
A13: 00-1266 | B13: TUBE PTFE 1/4"OD 3/16"ID | D13: PEK
A14: 00-1291 | B14: TUBE PTFE 4MMOD 3MMID | D14: PEK
... A24: 00G-4375-E0 | B24: Synergi 4 µm Hydro-RP 80 Å, LC Column 250 x 4.6 mm | D24: ZZZ
A25: 0100-0073 | B25: Reducer 1/16"-1/18" SS | C25: 7412.20.00.290N | D25: Agilent
A26: 0100-0118 | B26: Swagelok to female NPT, 1/8-1/4in brass | D26: Agilent | E26: EEUU
A27: 0100-0118B | B27: Swagelok to female NPT, 1/8-1/4in brass | D27: Agilent
A28: 0100-0120 | B28: Reducer Union 1/4 - TBG 1/8 - T3G | D28: Agilent
A29: 0100-0121 | B29: 1/8 to 1/4 ss reducing nut | C29: 7307.29.00.100B | D29: Agilent
A30: 0100-0124 | B30: Union, 1/16in SS | D30: Agilent | E30: EEUU
A31: 0100-0549 | B31: Ring, Clamping | C31: 9027.90.99.900G | D31: Agilent
A32: 0100-0900 | B32: ZDV union, stainless steel, with fittings | D32: Agilent | E32: EEUU
A33: 0100-1145 | B33: Silver Plated | D33: Agilent
A34: 0100-1186 | B34: Ferrule vespel | D34: Agilent
A35: 0100-1324 | B35: Ferrule, 1/4 inch graphite, 10 pk. | D35: Agilent
A36: 0100-1329 | B36: Ferrule 1/16'' Vespel | D36: Agilent
A37: 0100-1332 | B37: Ferrule, 1/8in 85% Vespel 10/pk (equivalent to J&W | D37: Agilent
A38: 0100-1342 | B38: Ferrule, reducing 1/8-1/16 inch Vespel, 10/pk | D38: Agilent | E38: EEUU
A39: 0100-1342B | B39: 10% Vespel 1/8 to 1/16 reducing ferrule | D39: Agilent
A40: 0100-1372 | B40: Ferrule, 1/8in 60%Vespel, no hole 10/pk | D40: Agilent
A41: 0100-1395 | B41: KF 50 Clamp for Diff pump | D41: Agilent
A42: 0100-1398 | B42: KF 50 Clamp for GC Interfase and bottom of forelin | D42: Agilent
A43: 0100-13AGS | B43: KF 16 Blank Cap | D43: Agilent
A44: 0100-1426AGS | B44: KF 40 Top of foreline trap | D44: Agilent
A45: 0100-1512 | B45: Ferrule, polymide 1/16 in | D45: Agilent
A46: 0100-1513 | B46: Line mega Bore column | D46: Agilent
A47: 0100-1513B | B47: Line mega Bore column | D47: Agilent
A48: 0100-1514 | B48: Liner, 32mm column | D48: Agilent
A49: 0100-1515 | B49: Bulkhead Union, 1/16"-1/16" | D49: Agilent
A50: 0100-1515B | B50: Bulkhead Union, 1/16"-1/16" | C50: 3917.40.90.990H | D50: Agilent
A51: 0100-1516 | B51: Fitting, PEEK, one-piece nut & ferrule for 1/16in | D51: Agilent | E51: EEUU
A52: 0100-1527 | B52: Bulkhead union ,320 | D52: Agilent
A53: 0100-1551 | B53: NW25-VIT CX2BK | D53: Agilent
A54: 0100-1551AGS | B54: KF25 O-Ring assy for bottom of foreline pump | D54: Agilent
A55: 0100-1632 | B55: 1/4-8 THRD, Male 90 DEG | C55: 3926.90.90.999A | D55: Agilent
A56: 0100-1681 | B56: Adapter luer/barb | C56: 7307.29.00.100B | D56: Agilent | E56: EEUU
A57: 0100-1707 | B57: 1/8´´ 10-32 male connector | D57: Agilent | E57: Mexico
A58: 0100-1804 | B58: KF 50 co-seal | D58: Agilent
A59: 0100-1804B | B59: KF 50 co-seal | D59: Agilent
A60: 0100-1821 | B60: 1/4" Bas Bulkhead union | D60: Agilent
A61: 0100-1822 | B61: 1/8" Brs Bulkhead union | D61: Agilent
A62: 0100-1847 | B62: Fitting-Adapter female-to-male 1000PSI | D62: Agilent
A63: 0100-1849 | B63: Rotor seal for Rheodyne 7750-020, Tefzel | C63: 9027.90.99.900G | D63: Agilent
A64: 0100-1850 | B64: Stator para 0101-0921 | D64: Agilent | E64: EEUU
A65: 0100-1851 | B65: Stator face assembly for Rheodyne 7750-020, 7750-0 | D65: Agilent
A66: 0100-1852 | B66: Isolation seal for valves 0101-0921 and 0101-0920 | D66: Agilent
A67: 0100-1853 | B67: Rotor seal for Rheodyne 7750-020, Vespel Autosamp | D67: Agilent
A68: 0100-1854 | B68: Rotor seal, Tefzel, for p/n 0101-0921 valve | D68: Agilent
A69: 0100-1855 | B69: Rotor seal for 0101-0920 Valvel, Vespel | D69: Agilent
A70: 0100-1857 | B70: Stator Face Assembly | D70: Agilent
A71: 0100-1859 | B71: Isolation Seal | D71: Agilent
A72: 0100-1860 | B72: Stator for Rheodyne 7725 | D72: Agilent
A73: 0100-1869 | B73: Plas fit luer | D73: Agilent
A74: 0100-1884B | B74: Varian co seal | D74: Agilent
A75: 0100-18AGS | B75: KF 10/16 Clamp For foreline hose fitting | D75: Agilent
A76: 0100-2023 | B76: 1/8 x 10 - 32 MALE c | D76: Agilent
A77: 0100-2034 | B77: Filter, Inline 2 Micron | D77: Agilent
A78: 0100-2144 | B78: 1/8'' Brass Ball Valve | C78: 7307.29.00.100B | D78: Agilent
A79: 0100-2264 | B79: 10-32 male x 1/8´´ elbow | C79: 3926.90.90.999A | D79: Agilent | E79: Mexico
A80: 0100-2298 | B80: Adapter peek int 1/4-28 to Ext. 10-32 | D80: Agilent | E80: China
A81: 0100-2441 | B81: ZDV union, PEEK with fitiings | C81: 9027.90.99.900G | D81: Agilent
A82: 0100-2594 | B82: Fitting internal Reducer 1/16 to 1/32-in | C82: 3926.90.90.999A | D82: JAS | E82: EEUU
A83: 0100-2595 | B83: Ferrule, polyamide, graphite 1/32 inch, 5pk | D83: Agilent | E83: EEUU
A84: 0101-0300 | B84: Sample Loop 2ml | D84: Agilent
A85: 0101-0302 | B85: Sample loop 10cc volume | D85: Agilent
A86: 0101-0355 | B86: Straight metering valve 1/16in, | D86: Agilent
A87: 0101-0355B | B87: Straight metering valve 1/16in, | D87: Agilent
A88: 0101-0377 | B88: Fittings 4 sets | D88: Agilent
A89: 0101-0532 | B89: In-line filter assembly, 7um | C89: 8481.80.99.990C | D89: Agilent
A90: 0101-0584 | B90: VALVE, 6P GC - Chrom Tech | C90: 3926.90.90.991H | D90: Agilent | E90: EEUU
A91: 0101-0623 | B91: Rotor seal for Rheodyne 7125 and 7725, Manual 1050 | C91: 3926.90.90.991H | D91: Agilent | E91: EEUU
A92: 0101-0626 | B92: Rotor seal, Vespel for Autosampler 1050 | D92: Agilent | E92: EEUU
A93: 0101-0633 | B93: Micrometering Needle Valve | D93: Agilent
A94: 0101-0633B | B94: Micrometering Needle Valve | D94: Agilent
A95: 01010-80002 | B95: Hydrolic fluid, 100ml, 1090 | D95: Agilent
A96: 0101-0920 | B96: Column Switching Valve (complete assembly) | D96: Agilent
A97: 0101-0920B | B97: Selection Valve | D97: Agilent
A98: 0101-0921 | B98: Injection Valve Assy for Agilent 1100 ALS (400 bar | D98: Agilent
A99: 0101-1239B | B99: PEEK Sample loop, 20µl, 0.25mm id | D99: Agilent
A100: 011-1243 | B100: Sample loop, stainless steel, 5 mL, 1.00mm ID. For 7725 manual injection valve, 10-32 thread fitting | D100: Agilent
A101: 0101-1244 | B101: Sample loop, stainless steel, 2 mL, 1.00mm ID. For 7725 manual injection valve, 10-32 thread fitting | D101: Agilent
A102: 0101-1267 | B102: MBB Injection valve for G2260A sampler | C102: 8481.80.99.990C | D102: Agilent
A103: 0101-1416 | B103: RP10 rotor seal, 2 groove, VHP | D103: Agilent | E103: Alemania
A104: 0101-1416B | B104: RP10 rotor seal, 2 groove, VHP | D104: Agilent
A105: 0101-1417 | B105: Stator, 2-position/6-port injection valve, maximum pressure 600 bar. | D105: Agilent
A106: 0101-1422 | B106: Injection Valve Assy for G1329, G1367 C/D/E, 1220 | D106: Agilent
A107: 0101-1422B | B107: Inyector valve | D107: Agilent
A108: 0101-1422-B | B108: Injection Valve Assy for G1329, G1367 C/D/E, 1220 (parte nueva - Sin stator) | D108: Agilent
A109: 01018-07102 | B109: Film Washer | D109: Agilent
...

Sheet Hoja2
A1: Marca | B1: Marca2 | C1: Cantidad
A2: {=_xlfn._xlws.SORT(_xlfn.UNIQUE(Hoja1!D3:D5068))} -> 0 | C2: =COUNTIF(Hoja1!C:C,A2) -> 0
A3: 2MA | C3: =COUNTIF(Hoja1!C:C,A3) -> 0
A4: Accumax | B4: Accumax | C4: =COUNTIF(Hoja1!C:C,A4) -> 0
A5: Agilent | B5: Agilent | C5: =COUNTIF(Hoja1!C:C,A5) -> 0
A6: AGS | C6: =COUNTIF(Hoja1!C:C,A6) -> 0
A7: AOT | C7: =COUNTIF(Hoja1!C:C,A7) -> 0
A8: ATL | C8: =COUNTIF(Hoja1!C:C,A8) -> 0
A9: BAN | C9: =COUNTIF(Hoja1!C:C,A9) -> 0
A10: BGB | C10: =COUNTIF(Hoja1!C:C,A10) -> 0
A11: BIK | C11: =COUNTIF(Hoja1!C:C,A11) -> 0
A12: BIO | C12: =COUNTIF(Hoja1!C:C,A12) -> 0
A13: BOE | C13: =COUNTIF(Hoja1!C:C,A13) -> 0
A14: CHR | C14: =COUNTIF(Hoja1!C:C,A14) -> 0
A15: CIC | C15: =COUNTIF(Hoja1!C:C,A15) -> 0
A16: CIT | C16: =COUNTIF(Hoja1!C:C,A16) -> 0
A17: CPL | C17: =COUNTIF(Hoja1!C:C,A17) -> 0
A18: CTC | B18: CTC | C18: =COUNTIF(Hoja1!C:C,A18) -> 0
A19: CTS | B19: CTS | C19: =COUNTIF(Hoja1!C:C,A19) -> 0
A20: Data Apex | B20: Data Apex | C20: =COUNTIF(Hoja1!C:C,A20) -> 0
A21: DEL | C21: =COUNTIF(Hoja1!C:C,A21) -> 0
A22: DON | C22: =COUNTIF(Hoja1!C:C,A22) -> 0
A23: EST | B23: EST | C23: =COUNTIF(Hoja1!C:C,A23) -> 0
A24: EVO | C24: =COUNTIF(Hoja1!C:C,A24) -> 0
A25: EWS | C25: =COUNTIF(Hoja1!C:C,A25) -> 0
A26: FDGS | B26: FDGS | C26: =COUNTIF(Hoja1!C:C,A26) -> 0
A27: FLE | C27: =COUNTIF(Hoja1!C:C,A27) -> 0
A28: Flusitec | B28: Flusitec | C28: =COUNTIF(Hoja1!C:C,A28) -> 0
A29: FUN | C29: =COUNTIF(Hoja1!C:C,A29) -> 0
A30: GJC | C30: =COUNTIF(Hoja1!C:C,A30) -> 0
A31: HAU | C31: =COUNTIF(Hoja1!C:C,A31) -> 0
A32: HML | C32: =COUNTIF(Hoja1!C:C,A32) -> 0
A33: HTA | B33: HTA | C33: =COUNTIF(Hoja1!C:C,A33) -> 0
A34: HYD | C34: =COUNTIF(Hoja1!C:C,A34) -> 0
A35: JAS | C35: =COUNTIF(Hoja1!C:C,A35) -> 0
A36: Knauer | B36: Knauer | C36: =COUNTIF(Hoja1!C:C,A36) -> 0
A37: Kruss | B37: Kruss | C37: =COUNTIF(Hoja1!C:C,A37) -> 0
A38: LAB | C38: =COUNTIF(Hoja1!C:C,A38) -> 0
A39: LEN | C39: =COUNTIF(Hoja1!C:C,A39) -> 0
A40: LOC | C40: =COUNTIF(Hoja1!C:C,A40) -> 0
A41: MMQ | C41: =COUNTIF(Hoja1!C:C,A41) -> 0
A42: MOU | C42: =COUNTIF(Hoja1!C:C,A42) -> 0
A43: MRC | C43: =COUNTIF(Hoja1!C:C,A43) -> 0
A44: MSN | C44: =COUNTIF(Hoja1!C:C,A44) -> 0
A45: MYS | C45: =COUNTIF(Hoja1!C:C,A45) -> 0
A46: NEU | C46: =COUNTIF(Hoja1!C:C,A46) -> 0
A47: NIK | C47: =COUNTIF(Hoja1!C:C,A47) -> 0
A48: OME | C48: =COUNTIF(Hoja1!C:C,A48) -> 0
A49: OMN | C49: =COUNTIF(Hoja1!C:C,A49) -> 0
... A71: ZZZ | C71: =COUNTIF(Hoja1!C:C,A71) -> 0
A72: Total | C72: =SUM(C2:C71) -> 0
